watchParty_idx,video_id,created_at,host
1,video_pop123,2025-05-15 15:45:00,1
2,video_rock456,2025-05-15 15:45:00,2
3,video_hiphop789,2025-05-16 09:00:00,4
4,video_classic012,2025-05-17 10:15:00,5
5,video_edm345,2025-05-18 11:30:00,6
6,video_pop678,2025-05-19 12:45:00,7
7,video_rock901,2025-05-20 14:00:00,8
8,video_jazz234,2025-05-21 15:15:00,9
9,video_hiphop567,2025-05-22 16:30:00,10
10,video_classic890,2025-05-23 17:45:00,11
11,video_edm123,2025-05-24 19:00:00,12
12,video_pop456,2025-05-25 20:15:00,13
13,video_rock789,2025-05-26 21:30:00,14
14,video_jazz012,2025-05-27 22:45:00,15
15,video_hiphop345,2025-05-28 08:00:00,16
16,video_classic678,2025-05-29 09:15:00,17
17,video_edm901,2025-05-30 10:30:00,18
18,video_pop234,2025-05-31 11:45:00,19
19,video_rock567,2025-06-01 13:00:00,20
20,video_jazz890,2025-06-02 14:15:00,21
21,video_hiphop123,2025-06-03 15:30:00,22
22,video_classic456,2025-06-04 16:45:00,23
23,video_edm789,2025-06-05 18:00:00,24
24,video_pop012,2025-06-06 19:15:00,25
25,video_rock345,2025-06-07 20:30:00,26
26,video_jazz678,2025-06-08 21:45:00,27
27,video_hiphop901,2025-06-09 23:00:00,28
28,video_classic234,2025-06-10 08:15:00,29
29,video_edm567,2025-06-11 09:30:00,30
30,video_pop890,2025-06-12 10:45:00,31
31,video_rock123,2025-06-13 12:00:00,32
32,video_jazz456,2025-06-14 13:15:00,33